ohm,%
33,100
36,96.77419355
41,92.74193548
45,88.70967742
52,84.67741935
56,80.64516129
61,76.61290323
67,72.58064516
72,68.5483871
79,64.51612903
83,60.48387097
91,56.4516129
97,52.41935484
104,48.38709677
112,44.35483871
117,40.32258065
121,36.29032258
128,32.25806452
132,28.22580645
139,24.19354839
150,20.16129032
166,16.12903226
191,12.09677419
207,8.064516129
224,4.032258065
240,0